latitude,longitude,brightness,scan,track,acq_date,acq_time,satellite,confidence,version,bright_t31,frp,daynight
27.253,140.889,330.5,1,1,2020-04-23,0120,T,57,6.0NRT,289.8,22.9,D
27.244,140.888,328.2,1,1,2020-04-23,0120,T,45,6.0NRT,289.2,19.9,D
-2.571,140.517,309.4,2.2,1.4,2020-04-23,0130,T,44,6.0NRT,288.7,15.3,D
-6.101,105.426,324.5,1.3,1.1,2020-04-23,0310,T,78,6.0NRT,291.2,27.8,D
-7.226,110.428,311.4,1.1,1,2020-04-23,0310,T,48,6.0NRT,290.6,6.1,D
-7.564,112.603,313.7,1.5,1.2,2020-04-23,0310,T,47,6.0NRT,296,13.4,D
-8.115,112.939,313.7,1.6,1.2,2020-04-23,0310,T,63,6.0NRT,293.1,19.9,D
15.548,108.196,316.4,1.7,1.3,2020-04-23,0305,T,64,6.0NRT,291.5,17.9,D
15.546,108.212,316.4,1.7,1.3,2020-04-23,0305,T,52,6.0NRT,292.9,17.9,D
14.054,107.335,319.8,1.9,1.4,2020-04-23,0305,T,44,6.0NRT,298.2,21.8,D
12.563,108.705,323,1.5,1.2,2020-04-23,0305,T,67,6.0NRT,298.5,21.9,D
11.499,108.016,315.6,1.6,1.2,2020-04-23,0305,T,59,6.0NRT,284.7,13.4,D
11.498,108.03,332,1.6,1.2,2020-04-23,0305,T,84,6.0NRT,287.4,47.9,D
10.624,107.623,311.2,1.6,1.3,2020-04-23,0305,T,31,6.0NRT,272.9,9.9,D
10.612,107.622,313.5,1.6,1.3,2020-04-23,0305,T,41,6.0NRT,271.7,13,D
10.611,107.63,318.1,1.6,1.3,2020-04-23,0305,T,0,6.0NRT,271.6,20.1,D
5.613,118.305,313.6,2.5,1.5,2020-04-23,0305,T,48,6.0NRT,293.1,34.6,D
4.869,115.291,312.5,1.5,1.2,2020-04-23,0305,T,57,6.0NRT,291.2,10.2,D
4.14,117.665,313.1,2.3,1.5,2020-04-23,0305,T,0,6.0NRT,293.1,20.5,D
3.563,117.065,314.9,2.2,1.4,2020-04-23,0305,T,67,6.0NRT,290.1,28.2,D
3.693,108.256,315.1,1.2,1.1,2020-04-23,0305,T,38,6.0NRT,288.8,7.5,D
3.685,108.244,315.9,1.2,1.1,2020-04-23,0305,T,18,6.0NRT,288.9,7.7,D
2.901,112.186,316,1.1,1,2020-04-23,0305,T,57,6.0NRT,294.5,7.8,D
2.887,112.281,315.5,1.1,1,2020-04-23,0305,T,22,6.0NRT,295,7.7,D
0.546,116.144,312.2,2.1,1.4,2020-04-23,0305,T,56,6.0NRT,292.5,15.4,D
0.267,116.612,311.4,2.3,1.5,2020-04-23,0305,T,34,6.0NRT,290.1,18.4,D
0.135,116.168,313.8,2.1,1.4,2020-04-23,0305,T,55,6.0NRT,292.4,23,D
-0.297,114.723,309.2,1.6,1.3,2020-04-23,0305,T,60,6.0NRT,290.2,10.1,D
30.159,120.407,313.1,1.3,1.1,2020-04-23,0300,T,18,6.0NRT,292.5,9.5,D
30.107,120.529,312.8,1.3,1.1,2020-04-23,0300,T,47,6.0NRT,292.4,9.6,D
16.388,121.545,311.5,2.8,1.6,2020-04-23,0300,T,40,6.0NRT,292.4,26.1,D
-4.552,136.886,320.9,1,1,2020-04-23,0425,A,51,6.0NRT,298.7,9.9,D
7.609,124.963,320.3,4.6,2,2020-04-23,0430,A,61,6.0NRT,292.1,71.7,D
7.609,124.959,320.4,4.6,2,2020-04-23,0430,A,38,6.0NRT,291.9,66.3,D
23.864,96.411,323,1.8,1.3,2020-04-23,0440,T,76,6.0NRT,302.8,16.5,D
20.987,100.763,314,4.3,1.9,2020-04-23,0440,T,33,6.0NRT,294.4,54.1,D
20.709,100.502,314.1,4.2,1.9,2020-04-23,0440,T,56,6.0NRT,293.6,53.5,D
21.465,93.237,331.4,1.2,1.1,2020-04-23,0440,T,82,6.0NRT,293.6,33.4,D
21.102,93.016,324.1,1.2,1.1,2020-04-23,0440,T,69,6.0NRT,300.8,16.1,D
20.849,93.298,323.9,1.3,1.1,2020-04-23,0440,T,65,6.0NRT,302.4,16.3,D
20.685,93.481,359.3,1.3,1.1,2020-04-23,0440,T,99,6.0NRT,303,114.7,D
20.683,93.494,366.6,1.3,1.1,2020-04-23,0440,T,100,6.0NRT,303,146.7,D
20.665,93.477,324.3,1.3,1.1,2020-04-23,0440,T,66,6.0NRT,299.7,21.9,D
20.663,93.491,332.3,1.3,1.1,2020-04-23,0440,T,79,6.0NRT,300.2,36.5,D
19.802,96.558,321.6,2.2,1.5,2020-04-23,0440,T,56,6.0NRT,300.5,37.8,D
20.01,94.799,331.3,1.7,1.3,2020-04-23,0440,T,70,6.0NRT,312.9,17.8,D
20.011,94.792,331.6,1.7,1.3,2020-04-23,0440,T,78,6.0NRT,313.1,20.3,D
20.145,93.882,348,1.4,1.2,2020-04-23,0440,T,93,6.0NRT,302.3,85,D
20.143,93.896,361,1.4,1.2,2020-04-23,0440,T,100,6.0NRT,302.6,137.4,D
20.135,93.88,321.2,1.4,1.2,2020-04-23,0440,T,47,6.0NRT,301.7,19.7,D
20.132,93.894,334.1,1.4,1.2,2020-04-23,0440,T,80,6.0NRT,302.7,45.6,D
20.085,93.857,344.3,1.4,1.2,2020-04-23,0440,T,90,6.0NRT,302.6,71.5,D
20.082,93.87,338.5,1.4,1.2,2020-04-23,0440,T,85,6.0NRT,303.3,54.7,D
20.077,93.864,349.1,1.4,1.2,2020-04-23,0440,T,93,6.0NRT,303.9,88.7,D
19.828,94.114,322,1.5,1.2,2020-04-23,0440,T,52,6.0NRT,303.5,18.7,D
19.591,94.484,335.9,1.6,1.2,2020-04-23,0440,T,83,6.0NRT,298.6,61.6,D
19.63,93.81,321.1,1.4,1.2,2020-04-23,0440,T,35,6.0NRT,301.7,15.4,D
19.623,93.816,322.6,1.4,1.2,2020-04-23,0440,T,28,6.0NRT,302.3,18.4,D
19.384,94.073,323.9,1.5,1.2,2020-04-23,0440,T,0,6.0NRT,307.7,12.4,D
19.271,94.662,328,1.7,1.3,2020-04-23,0440,T,58,6.0NRT,309,24.4,D
18.355,96.872,318.7,2.5,1.5,2020-04-23,0440,T,41,6.0NRT,298.3,33.6,D
18.362,96.868,326.3,2.5,1.5,2020-04-23,0440,T,71,6.0NRT,298.9,61.5,D
18.275,96.881,324.5,2.5,1.5,2020-04-23,0440,T,69,6.0NRT,300.3,56.3,D
18.217,96.964,318.3,2.6,1.5,2020-04-23,0440,T,44,6.0NRT,299.5,33.1,D
18.538,94.425,341.9,1.7,1.3,2020-04-23,0440,T,88,6.0NRT,303.9,74.8,D
18.452,94.388,321.8,1.7,1.3,2020-04-23,0440,T,42,6.0NRT,306.2,15.2,D
17.106,94.749,326.9,1.9,1.3,2020-04-23,0440,T,58,6.0NRT,307.6,23,D
16.376,94.423,326,1.8,1.3,2020-04-23,0440,T,54,6.0NRT,307.4,24.6,D
16.381,94.418,324.4,1.8,1.3,2020-04-23,0440,T,63,6.0NRT,307.3,21.7,D
15.149,98.532,319.7,3.9,1.8,2020-04-23,0440,T,62,6.0NRT,297.4,81.9,D
15.145,98.034,320.7,3.6,1.8,2020-04-23,0440,T,73,6.0NRT,296.3,66.5,D
15.137,98.023,317.8,3.6,1.8,2020-04-23,0440,T,69,6.0NRT,295.7,53.3,D
-8.114,112.928,321.5,1,1,2020-04-23,0600,A,41,6.0NRT,299.4,15.5,D
-8.115,112.919,328,1,1,2020-04-23,0600,A,64,6.0NRT,303.2,22.6,D
-2.959,104.2,317.9,3.4,1.7,2020-04-23,0605,A,69,6.0NRT,284.9,71.7,D
-0.731,115.645,321.7,1.3,1.1,2020-04-23,0605,A,23,6.0NRT,292.6,13.9,D
9.299,105.916,316.6,1.6,1.2,2020-04-23,0605,A,25,6.0NRT,295.4,13.2,D
9.672,105.364,318.3,1.7,1.3,2020-04-23,0605,A,29,6.0NRT,291.8,14.7,D
9.812,105.952,316.2,1.5,1.2,2020-04-23,0605,A,63,6.0NRT,294.4,10.3,D
10.558,106.31,320.5,1.4,1.2,2020-04-23,0605,A,68,6.0NRT,297.9,12.1,D
10.414,104.602,320.2,1.9,1.3,2020-04-23,0605,A,69,6.0NRT,293,25.2,D
10.66,103.686,318.4,2.2,1.4,2020-04-23,0605,A,69,6.0NRT,283.8,36.4,D
10.66,103.679,318.6,2.2,1.4,2020-04-23,0605,A,71,6.0NRT,284.1,38.1,D
11.137,106.543,325.6,1.3,1.1,2020-04-23,0605,A,34,6.0NRT,301,17.7,D
11.146,106.331,326,1.4,1.2,2020-04-23,0605,A,56,6.0NRT,299.7,22.3,D
11.737,108.918,319.7,1,1,2020-04-23,0605,A,51,6.0NRT,289.1,5.7,D
11.623,107.424,316.9,1.2,1.1,2020-04-23,0605,A,32,6.0NRT,292.8,7.6,D
12.15,108.279,318.8,1.1,1,2020-04-23,0605,A,68,6.0NRT,292.5,10.3,D
12.249,108.765,333.3,1,1,2020-04-23,0605,A,74,6.0NRT,283.7,30.2,D
12.186,108.273,318.3,1.1,1,2020-04-23,0605,A,60,6.0NRT,292.2,7.4,D
12.023,106.645,328.9,1.3,1.1,2020-04-23,0605,A,39,6.0NRT,302.5,20,D
12.356,108.489,317.3,1,1,2020-04-23,0605,A,66,6.0NRT,292.5,10.4,D
12.354,108.479,330.5,1,1,2020-04-23,0605,A,83,6.0NRT,292.4,25.6,D
12.393,108.55,321.8,1,1,2020-04-23,0605,A,57,6.0NRT,295.6,10.6,D
12.454,108.535,329,1,1,2020-04-23,0605,A,55,6.0NRT,298,18.4,D
12.537,108.534,326.9,1,1,2020-04-23,0605,A,77,6.0NRT,299.6,11.8,D
12.569,108.558,368.7,1,1,2020-04-23,0605,A,100,6.0NRT,298.9,104.4,D
12.567,108.548,348.3,1,1,2020-04-23,0605,A,94,6.0NRT,297.9,48.2,D
12.341,105.858,323.4,1.4,1.2,2020-04-23,0605,A,70,6.0NRT,299.2,18.9,D
12.339,105.845,320.2,1.4,1.2,2020-04-23,0605,A,59,6.0NRT,298.6,13.7,D
13.162,108.772,326.1,1,1,2020-04-23,0610,A,67,6.0NRT,299.5,9.4,D
12.664,105.362,324,1.5,1.2,2020-04-23,0610,A,69,6.0NRT,296,21.5,D
12.757,105.574,324.7,1.4,1.2,2020-04-23,0610,A,30,6.0NRT,299.3,20.7,D
12.754,105.561,355.7,1.4,1.2,2020-04-23,0610,A,98,6.0NRT,300.1,108.7,D
12.792,105.727,398.6,1.4,1.2,2020-04-23,0610,A,100,6.0NRT,300.4,383.5,D
12.79,105.715,353,1.4,1.2,2020-04-23,0610,A,96,6.0NRT,298.8,94.9,D
12.769,105.518,326.3,1.5,1.2,2020-04-23,0610,A,69,6.0NRT,301.6,22,D
13.298,108.952,335.3,1,1,2020-04-23,0610,A,79,6.0NRT,288.3,31.7,D
13.297,108.943,351.7,1,1,2020-04-23,0610,A,72,6.0NRT,287.6,61.7,D
13.264,108.525,337.7,1,1,2020-04-23,0610,A,86,6.0NRT,294.5,26.2,D
12.806,105.572,321.2,1.4,1.2,2020-04-23,0610,A,67,6.0NRT,299,17.3,D
12.808,105.518,322,1.4,1.2,2020-04-23,0610,A,47,6.0NRT,298.8,13.4,D
12.846,105.62,323.5,1.4,1.2,2020-04-23,0610,A,62,6.0NRT,298.4,17.8,D
12.844,105.607,324.3,1.4,1.2,2020-04-23,0610,A,69,6.0NRT,298.7,18.5,D
12.842,105.526,331.5,1.4,1.2,2020-04-23,0610,A,81,6.0NRT,297.8,34.4,D
12.885,105.666,339.4,1.4,1.2,2020-04-23,0610,A,88,6.0NRT,298.7,57,D
12.94,105.571,327.2,1.4,1.2,2020-04-23,0610,A,77,6.0NRT,300.9,24,D
13.088,105.916,325.2,1.4,1.2,2020-04-23,0610,A,40,6.0NRT,301.7,17.5,D
13.048,105.296,326.3,1.5,1.2,2020-04-23,0610,A,71,6.0NRT,297.5,23.3,D
13.058,105.294,347.8,1.5,1.2,2020-04-23,0610,A,94,6.0NRT,298.8,84.2,D
13.211,105.297,334.2,1.5,1.2,2020-04-23,0610,A,85,6.0NRT,298.6,43,D
13.629,107.763,327.4,1.1,1,2020-04-23,0610,A,72,6.0NRT,306.3,9.9,D
13.369,105.813,354.8,1.4,1.2,2020-04-23,0610,A,97,6.0NRT,302.9,95.8,D
13.367,105.801,334.6,1.4,1.2,2020-04-23,0610,A,85,6.0NRT,301.5,38,D
13.391,105.822,326.6,1.4,1.2,2020-04-23,0610,A,48,6.0NRT,302.6,19.3,D
13.813,107.509,331,1.1,1,2020-04-23,0610,A,78,6.0NRT,298.2,18.7,D
13.75,106.546,324.8,1.2,1.1,2020-04-23,0610,A,69,6.0NRT,303.3,14.5,D
13.813,106.892,332.5,1.2,1.1,2020-04-23,0610,A,71,6.0NRT,309.5,16.5,D
13.847,106.903,333.1,1.2,1.1,2020-04-23,0610,A,72,6.0NRT,307.7,19.1,D
13.87,106.986,338.5,1.1,1.1,2020-04-23,0610,A,87,6.0NRT,304.5,32.2,D
13.868,106.975,327.1,1.1,1.1,2020-04-23,0610,A,68,6.0NRT,303.8,12,D
13.695,105.873,319,1.3,1.1,2020-04-23,0610,A,46,6.0NRT,283,13.8,D
13.967,107.432,386.6,1.1,1,2020-04-23,0610,A,100,6.0NRT,300.4,192.7,D
14.189,108.548,334.7,1,1,2020-04-23,0610,A,85,6.0NRT,300,23.1,D
14.135,108.184,318.1,1,1,2020-04-23,0610,A,42,6.0NRT,297.7,6,D
13.964,106.996,335.9,1.1,1.1,2020-04-23,0610,A,85,6.0NRT,306.9,29.6,D
13.963,106.985,324.3,1.1,1.1,2020-04-23,0610,A,61,6.0NRT,304.2,11.3,D
13.912,106.598,349.9,1.2,1.1,2020-04-23,0610,A,95,6.0NRT,303.8,68.6,D
14.183,108.321,323.5,1,1,2020-04-23,0610,A,50,6.0NRT,293.9,15,D
14.111,107.23,355.9,1.1,1.1,2020-04-23,0610,A,98,6.0NRT,306.4,71.8,D
14.121,106.562,325.1,1.2,1.1,2020-04-23,0610,A,69,6.0NRT,290.8,20,D
14.413,108.445,311.1,1,1,2020-04-23,0610,A,30,6.0NRT,286.5,5.4,D
14.615,108.948,310.3,1,1,2020-04-23,0610,A,38,6.0NRT,289.9,5,D
14.71,108.909,316.4,1,1,2020-04-23,0610,A,69,6.0NRT,289.7,10.2,D
14.692,108.78,312.8,1,1,2020-04-23,0610,A,34,6.0NRT,290.2,7,D
14.707,108.759,315.7,1,1,2020-04-23,0610,A,61,6.0NRT,291.5,8.2,D
14.706,108.749,315.4,1,1,2020-04-23,0610,A,67,6.0NRT,291.3,8,D
14.851,108.544,311.2,1,1,2020-04-23,0610,A,40,6.0NRT,286,5.3,D
14.855,108.383,327.8,1,1,2020-04-23,0610,A,77,6.0NRT,291.8,21.1,D
14.708,106.321,349.3,1.2,1.1,2020-04-23,0610,A,95,6.0NRT,290.5,70.3,D
14.739,106.451,320.8,1.2,1.1,2020-04-23,0610,A,43,6.0NRT,297.7,10,D
14.719,106.193,330.7,1.2,1.1,2020-04-23,0610,A,84,6.0NRT,296,25.7,D
13.739,100.186,319.7,3.5,1.8,2020-04-23,0610,A,46,6.0NRT,296.2,41,D
14.762,106.202,319.1,1.2,1.1,2020-04-23,0610,A,37,6.0NRT,292.4,11.5,D
14.761,106.191,346.1,1.2,1.1,2020-04-23,0610,A,93,6.0NRT,296.2,60.6,D
13.749,100.177,317.8,3.5,1.8,2020-04-23,0610,A,55,6.0NRT,295.8,31.3,D
14.969,107.16,371,1.1,1,2020-04-23,0610,A,87,6.0NRT,298.4,124.7,D
14.989,107.193,320.7,1.1,1,2020-04-23,0610,A,67,6.0NRT,299,10.9,D
15.235,108.205,376.5,1,1,2020-04-23,0610,A,100,6.0NRT,298.6,137.6,D
15.233,108.196,342.2,1,1,2020-04-23,0610,A,87,6.0NRT,298.3,42,D
15.249,108.116,316.9,1,1,2020-04-23,0610,A,72,6.0NRT,296,9.5,D
15.302,108.223,320.7,1,1,2020-04-23,0610,A,77,6.0NRT,297.4,12.6,D
15.31,108.155,325.9,1,1,2020-04-23,0610,A,82,6.0NRT,294.9,18,D
15.357,108.352,322.4,1,1,2020-04-23,0610,A,78,6.0NRT,291.2,15.3,D
15.051,106.09,319.8,1.2,1.1,2020-04-23,0610,A,74,6.0NRT,292,16,D
15.022,104.892,321.9,1.5,1.2,2020-04-23,0610,A,55,6.0NRT,290.9,20.8,D
15.622,108.469,324.3,1,1,2020-04-23,0610,A,64,6.0NRT,292.2,10.9,D
14.767,100.542,324.5,3.1,1.7,2020-04-23,0610,A,39,6.0NRT,297.2,43.4,D
16.125,107.992,317,1,1,2020-04-23,0610,A,57,6.0NRT,285.6,14.1,D
15.608,102.756,329.7,2.1,1.4,2020-04-23,0610,A,74,6.0NRT,302.4,25.2,D
15.617,102.735,329,2.1,1.4,2020-04-23,0610,A,69,6.0NRT,302.4,26.3,D
15.86,100.987,326.8,2.8,1.6,2020-04-23,0610,A,38,6.0NRT,295.1,39.4,D
19.674,100.583,322,2.5,1.5,2020-04-23,0610,A,75,6.0NRT,296.6,42.7,D
20.183,102.978,357,1.6,1.3,2020-04-23,0610,A,93,6.0NRT,289.3,147.1,D
20.18,102.963,384.3,1.6,1.3,2020-04-23,0610,A,94,6.0NRT,290.9,337.6,D
20.504,103.975,313.2,1.4,1.2,2020-04-23,0610,A,53,6.0NRT,291.1,14.4,D
20.52,103.334,311.6,1.5,1.2,2020-04-23,0610,A,67,6.0NRT,289.7,10.6,D
20.475,102.868,341.4,1.6,1.3,2020-04-23,0610,A,69,6.0NRT,276.1,90.9,D
20.472,102.853,318,1.6,1.3,2020-04-23,0610,A,57,6.0NRT,272.9,29.5,D
20.475,102.862,342.4,1.6,1.3,2020-04-23,0610,A,87,6.0NRT,276.3,92.1,D
20.502,102.887,323.9,1.6,1.3,2020-04-23,0610,A,80,6.0NRT,276.5,41.6,D
20.722,103.985,324.8,1.4,1.2,2020-04-23,0610,A,82,6.0NRT,292.6,26.4,D
20.72,103.971,375.1,1.4,1.2,2020-04-23,0610,A,94,6.0NRT,296.6,202.5,D
20.718,103.959,371.9,1.4,1.2,2020-04-23,0610,A,94,6.0NRT,293.6,183.2,D
20.73,103.969,316.5,1.4,1.2,2020-04-23,0610,A,26,6.0NRT,291.9,12.6,D
20.562,102.97,310.5,1.6,1.2,2020-04-23,0610,A,41,6.0NRT,272.9,18.5,D
20.761,103.986,313.8,1.4,1.2,2020-04-23,0610,A,43,6.0NRT,293.1,9.5,D
20.744,103.881,315.7,1.4,1.2,2020-04-23,0610,A,52,6.0NRT,289.9,16.6,D
20.778,104.02,313.2,1.4,1.2,2020-04-23,0610,A,55,6.0NRT,291.1,8.5,D
20.762,103.93,316.3,1.4,1.2,2020-04-23,0610,A,73,6.0NRT,290.8,14.6,D
20.806,103.936,340.7,1.4,1.2,2020-04-23,0610,A,86,6.0NRT,292.6,60.9,D
20.804,103.922,327.2,1.4,1.2,2020-04-23,0610,A,79,6.0NRT,287.3,30.8,D
20.8,103.897,359.5,1.4,1.2,2020-04-23,0610,A,99,6.0NRT,292.5,125.7,D
20.816,103.933,371.4,1.4,1.2,2020-04-23,0610,A,87,6.0NRT,292.6,180.3,D
20.837,103.994,316.4,1.4,1.2,2020-04-23,0610,A,45,6.0NRT,292.3,10.6,D
20.826,103.867,325.2,1.4,1.2,2020-04-23,0610,A,44,6.0NRT,291.7,27.7,D
20.868,104.128,315.9,1.3,1.1,2020-04-23,0610,A,56,6.0NRT,286.5,13.1,D
20.633,102.307,327.9,1.8,1.3,2020-04-23,0610,A,82,6.0NRT,287.7,52.7,D
20.63,102.291,318.5,1.8,1.3,2020-04-23,0610,A,73,6.0NRT,287.9,29.4,D
20.64,102.301,328.1,1.8,1.3,2020-04-23,0610,A,82,6.0NRT,286.9,51.5,D
20.592,101.77,315,1.9,1.4,2020-04-23,0610,A,66,6.0NRT,282,27.3,D
20.729,102.4,311.3,1.7,1.3,2020-04-23,0610,A,49,6.0NRT,278.7,20.5,D
20.252,99.552,324.5,2.9,1.6,2020-04-23,0610,A,20,6.0NRT,297.1,75.5,D
20.267,99.55,334.7,2.9,1.6,2020-04-23,0610,A,80,6.0NRT,299.2,129.9,D
20.718,101.884,325.5,1.9,1.3,2020-04-23,0610,A,80,6.0NRT,287.4,49.5,D
20.51,100.678,331,2.3,1.5,2020-04-23,0610,A,84,6.0NRT,300.1,74.6,D
20.506,100.657,344.5,2.3,1.5,2020-04-23,0610,A,92,6.0NRT,299.4,149.5,D
20.541,100.695,352.5,2.3,1.5,2020-04-23,0610,A,96,6.0NRT,300.5,205.1,D
20.874,102.575,322,1.7,1.3,2020-04-23,0610,A,64,6.0NRT,290.7,29.5,D
20.52,100.672,337.4,2.3,1.5,2020-04-23,0610,A,88,6.0NRT,299.7,105.6,D
20.516,100.651,330.8,2.3,1.5,2020-04-23,0610,A,83,6.0NRT,299.1,76.2,D
20.537,100.691,331.5,2.3,1.5,2020-04-23,0610,A,84,6.0NRT,300,78.1,D
20.83,102.196,318.5,1.8,1.3,2020-04-23,0610,A,69,6.0NRT,289.9,24.7,D
20.554,100.711,320.3,2.3,1.5,2020-04-23,0610,A,72,6.0NRT,298.7,38.2,D
20.55,100.69,332.7,2.3,1.5,2020-04-23,0610,A,85,6.0NRT,298.9,86,D
20.534,100.46,345.8,2.4,1.5,2020-04-23,0610,A,93,6.0NRT,297.8,164.2,D
20.53,100.437,323.2,2.4,1.5,2020-04-23,0610,A,76,6.0NRT,301.9,44.9,D
20.819,101.932,355,1.9,1.3,2020-04-23,0610,A,97,6.0NRT,284.4,170.5,D
20.513,100.201,330.2,2.5,1.5,2020-04-23,0610,A,83,6.0NRT,298.8,79,D
20.858,102.017,320.2,1.8,1.3,2020-04-23,0610,A,70,6.0NRT,284.6,31,D
20.855,101.999,322.5,1.8,1.3,2020-04-23,0610,A,76,6.0NRT,288.2,35.3,D
20.917,102.285,324.9,1.8,1.3,2020-04-23,0610,A,75,6.0NRT,285.8,41,D
20.857,101.943,365.6,1.9,1.3,2020-04-23,0610,A,0,6.0NRT,282.6,238.1,D
20.929,102.284,357.2,1.8,1.3,2020-04-23,0610,A,98,6.0NRT,282.5,167,D
20.926,102.268,328.9,1.8,1.3,2020-04-23,0610,A,71,6.0NRT,276.9,48.9,D
20.864,102.008,350.6,1.8,1.3,2020-04-23,0610,A,0,6.0NRT,282,135.7,D
20.928,102.293,337.9,1.8,1.3,2020-04-23,0610,A,70,6.0NRT,283.5,74.2,D
20.926,102.278,353.6,1.8,1.3,2020-04-23,0610,A,97,6.0NRT,283.1,146.6,D
20.779,101.479,316.9,2,1.4,2020-04-23,0610,A,52,6.0NRT,288.9,29.3,D
20.971,102.467,406.2,1.7,1.3,2020-04-23,0610,A,75,6.0NRT,295.1,622.7,D
20.969,102.452,349.3,1.7,1.3,2020-04-23,0610,A,83,6.0NRT,290.4,121.5,D
20.951,102.355,350.2,1.7,1.3,2020-04-23,0610,A,95,6.0NRT,282.8,129.1,D
20.949,102.34,360.4,1.7,1.3,2020-04-23,0610,A,94,6.0NRT,286.2,188,D
20.946,102.323,323.7,1.7,1.3,2020-04-23,0610,A,74,6.0NRT,282.5,38.7,D
21.035,102.761,379.9,1.6,1.3,2020-04-23,0610,A,87,6.0NRT,277.3,303.3,D
21.027,102.715,337.7,1.6,1.3,2020-04-23,0610,A,80,6.0NRT,282.3,68.8,D
21.024,102.7,370.8,1.6,1.3,2020-04-23,0610,A,100,6.0NRT,288.5,232,D
21.022,102.685,351.8,1.6,1.3,2020-04-23,0610,A,96,6.0NRT,287.9,123.6,D
20.989,102.499,314.7,1.7,1.3,2020-04-23,0610,A,0,6.0NRT,281.6,17.5,D
20.963,102.353,380.7,1.7,1.3,2020-04-23,0610,A,87,6.0NRT,282.7,337,D
20.939,102.218,325.2,1.8,1.3,2020-04-23,0610,A,79,6.0NRT,282.6,44.8,D
20.896,101.981,394.7,1.8,1.3,2020-04-23,0610,A,0,6.0NRT,293.4,526.6,D
20.893,101.965,336.8,1.9,1.3,2020-04-23,0610,A,46,6.0NRT,284.3,75.4,D
21.038,102.712,352.1,1.6,1.3,2020-04-23,0610,A,84,6.0NRT,283.3,125.4,D
21.035,102.697,324.2,1.6,1.3,2020-04-23,0610,A,42,6.0NRT,285.4,35,D
20.991,102.381,390,1.7,1.3,2020-04-23,0610,A,75,6.0NRT,284.9,426.9,D
20.989,102.366,328.4,1.7,1.3,2020-04-23,0610,A,33,6.0NRT,280.6,44.8,D
21,102.364,321.9,1.7,1.3,2020-04-23,0610,A,41,6.0NRT,280.5,31.6,D
21.009,102.343,314.9,1.7,1.3,2020-04-23,0610,A,56,6.0NRT,280.5,20.6,D
21.006,102.326,317.3,1.7,1.3,2020-04-23,0610,A,67,6.0NRT,283.2,26,D
21.066,102.609,357,1.7,1.3,2020-04-23,0610,A,85,6.0NRT,289.4,149,D
21.064,102.593,312.8,1.7,1.3,2020-04-23,0610,A,54,6.0NRT,288.1,14.9,D
20.936,101.864,313.4,1.9,1.3,2020-04-23,0610,A,44,6.0NRT,290.3,17,D
21.08,102.623,351.6,1.6,1.3,2020-04-23,0610,A,84,6.0NRT,285.3,124.8,D
21.067,102.62,340.6,1.6,1.3,2020-04-23,0610,A,68,6.0NRT,287.7,80.6,D
21.065,102.604,338.3,1.7,1.3,2020-04-23,0610,A,67,6.0NRT,289.4,70.3,D
21.079,102.618,383.1,1.6,1.3,2020-04-23,0610,A,0,6.0NRT,289,335.8,D
21.062,102.392,313.6,1.7,1.3,2020-04-23,0610,A,52,6.0NRT,289.6,18,D
21.126,102.689,327.9,1.6,1.3,2020-04-23,0610,A,0,6.0NRT,286.3,46,D
21.124,102.611,340.7,1.6,1.3,2020-04-23,0610,A,91,6.0NRT,291,81.3,D
21.121,102.596,311.6,1.7,1.3,2020-04-23,0610,A,33,6.0NRT,292.2,9.9,D
21.21,102.847,371.4,1.6,1.2,2020-04-23,0610,A,100,6.0NRT,287.9,230.4,D
21.208,102.831,344.9,1.6,1.2,2020-04-23,0610,A,93,6.0NRT,285.1,94.6,D
21.045,101.892,321.3,1.9,1.3,2020-04-23,0610,A,71,6.0NRT,295.6,34.3,D
21.2,102.842,318.2,1.6,1.2,2020-04-23,0610,A,65,6.0NRT,284,23.7,D
21.214,102.855,342.4,1.6,1.2,2020-04-23,0610,A,92,6.0NRT,285.7,83.6,D
21.211,102.84,372.6,1.6,1.2,2020-04-23,0610,A,100,6.0NRT,288.2,236.8,D
21.114,101.89,314.9,1.9,1.3,2020-04-23,0610,A,51,6.0NRT,294.6,19.4,D
20.92,100.748,317.4,2.3,1.5,2020-04-23,0610,A,56,6.0NRT,298.5,22.6,D
20.922,100.628,341.7,2.3,1.5,2020-04-23,0610,A,91,6.0NRT,301.1,128.2,D
20.935,100.626,330.4,2.3,1.5,2020-04-23,0610,A,83,6.0NRT,299.9,70,D
20.997,100.814,327.9,2.2,1.4,2020-04-23,0610,A,81,6.0NRT,301.4,56.7,D
20.993,100.791,332.5,2.2,1.5,2020-04-23,0610,A,85,6.0NRT,301.7,73.7,D
21.531,101.845,335.2,1.8,1.3,2020-04-23,0610,A,77,6.0NRT,293.9,70.9,D
21.635,101.838,328.4,1.8,1.3,2020-04-23,0610,A,83,6.0NRT,294.9,51.3,D
21.632,101.82,319.5,1.8,1.3,2020-04-23,0610,A,73,6.0NRT,294.1,29.2,D
17.052,94.979,326,4.8,2,2020-04-23,0745,A,79,6.0NRT,302.1,82.7,D
17.102,94.752,323.1,4.6,2,2020-04-23,0745,A,54,6.0NRT,302.8,79.5,D
17.051,94.971,324.3,4.8,2,2020-04-23,0745,A,77,6.0NRT,302.1,62.9,D
17.103,94.744,322.4,4.6,2,2020-04-23,0745,A,60,6.0NRT,302.8,77,D
17.136,94.527,316.6,4.4,1.9,2020-04-23,0745,A,50,6.0NRT,298.5,65.5,D
17.136,94.522,315.8,4.4,1.9,2020-04-23,0745,A,49,6.0NRT,298.6,60.5,D
19.882,94.148,324.4,4.5,2,2020-04-23,0750,A,20,6.0NRT,301.1,101.1,D
19.884,94.139,329.1,4.5,2,2020-04-23,0750,A,76,6.0NRT,301.2,152.2,D
19.951,94.092,320.1,4.5,1.9,2020-04-23,0750,A,32,6.0NRT,299.9,75,D
19.947,94.052,319.8,4.4,1.9,2020-04-23,0750,A,49,6.0NRT,298.8,68.1,D
19.986,94.09,329.3,4.5,1.9,2020-04-23,0750,A,82,6.0NRT,299.7,166.6,D
19.951,94.088,322.1,4.5,1.9,2020-04-23,0750,A,65,6.0NRT,299.9,94.1,D
19.947,94.047,317.4,4.4,1.9,2020-04-23,0750,A,41,6.0NRT,298.5,51.3,D
19.989,94.127,319,4.5,2,2020-04-23,0750,A,21,6.0NRT,297.8,76,D
19.986,94.086,327.8,4.5,1.9,2020-04-23,0750,A,81,6.0NRT,299.6,151.3,D
20.075,93.859,330.2,4.3,1.9,2020-04-23,0750,A,83,6.0NRT,297.6,179.8,D
20.211,93.8,314.7,4.3,1.9,2020-04-23,0750,A,59,6.0NRT,288.7,60,D
20.439,93.516,328.1,4.1,1.9,2020-04-23,0750,A,81,6.0NRT,296.7,144.6,D
20.445,93.549,315.5,4.1,1.9,2020-04-23,0750,A,62,6.0NRT,295.6,47.5,D
20.442,93.511,325.6,4.1,1.9,2020-04-23,0750,A,79,6.0NRT,296.6,120.5,D
20.567,93.573,320.3,4.2,1.9,2020-04-23,0750,A,59,6.0NRT,294,81.9,D
20.564,93.537,322.6,4.1,1.9,2020-04-23,0750,A,73,6.0NRT,294.6,96.4,D
20.584,93.575,322.7,4.2,1.9,2020-04-23,0750,A,65,6.0NRT,293.7,95.6,D
20.58,93.534,332,4.1,1.9,2020-04-23,0750,A,84,6.0NRT,294.3,179.9,D
20.572,93.565,341,4.2,1.9,2020-04-23,0750,A,90,6.0NRT,294.5,300,D
20.569,93.528,331.3,4.1,1.9,2020-04-23,0750,A,84,6.0NRT,294.8,180,D
27.247,140.883,349,2.2,1.4,2020-04-23,1220,T,100,6.0NRT,293,188.4,N
27.243,140.862,314.6,2.2,1.4,2020-04-23,1220,T,86,6.0NRT,287.3,40.5,N
27.259,140.88,324.8,2.2,1.4,2020-04-23,1220,T,100,6.0NRT,289.1,71.3,N
27.25,140.898,319.7,2.2,1.4,2020-04-23,1220,T,99,6.0NRT,290,53.8,N
27.246,140.877,337.7,2.2,1.4,2020-04-23,1220,T,100,6.0NRT,291.5,123.2,N
27.259,140.874,322.5,2.2,1.4,2020-04-23,1220,T,100,6.0NRT,288.9,63.3,N
15.279,121.062,301.5,1.7,1.3,2020-04-23,1355,T,20,6.0NRT,287.7,7.6,N
10.724,107.526,310.1,1.8,1.3,2020-04-23,1530,T,73,6.0NRT,294.4,13.8,N
10.734,107.535,306.6,1.8,1.3,2020-04-23,1530,T,65,6.0NRT,294.3,10,N
10.732,107.519,308.5,1.8,1.3,2020-04-23,1530,T,72,6.0NRT,294.5,12.8,N
11.218,106.746,306.7,1.6,1.2,2020-04-23,1530,T,39,6.0NRT,288.6,13,N
11.74,99.182,305.1,1.2,1.1,2020-04-23,1530,T,19,6.0NRT,283.6,8,N
11.88,99.031,302.8,1.3,1.1,2020-04-23,1530,T,52,6.0NRT,285,6.1,N
12.134,99.076,302.5,1.2,1.1,2020-04-23,1535,T,50,6.0NRT,285.4,6.6,N
12.269,99.163,306.7,1.2,1.1,2020-04-23,1535,T,69,6.0NRT,266.9,12.4,N
13.817,98.376,312.5,1.3,1.1,2020-04-23,1535,T,85,6.0NRT,275.9,18.2,N
14.713,98.273,307.5,1.3,1.1,2020-04-23,1535,T,55,6.0NRT,293.7,9.2,N
15.017,98.12,308.7,1.3,1.1,2020-04-23,1535,T,43,6.0NRT,294.2,7.9,N
15,98.012,306.1,1.3,1.1,2020-04-23,1535,T,67,6.0NRT,293.5,6.6,N
15.017,98.127,306.9,1.3,1.1,2020-04-23,1535,T,11,6.0NRT,294.2,6,N
15.043,98.097,313.8,1.3,1.1,2020-04-23,1535,T,88,6.0NRT,294.7,14.2,N
15.081,98.138,308.2,1.3,1.1,2020-04-23,1535,T,74,6.0NRT,294.9,7.6,N
15.091,98.137,311.8,1.3,1.1,2020-04-23,1535,T,83,6.0NRT,294.8,11,N
15.171,98.191,308.5,1.3,1.1,2020-04-23,1535,T,60,6.0NRT,294.4,8.1,N
15.181,98.188,305.9,1.3,1.1,2020-04-23,1535,T,20,6.0NRT,294.5,5.3,N
15.181,97.993,308.7,1.3,1.1,2020-04-23,1535,T,75,6.0NRT,294.6,8.7,N
15.18,97.982,307.5,1.3,1.1,2020-04-23,1535,T,72,6.0NRT,294.5,7.8,N
15.179,97.988,313.9,1.3,1.1,2020-04-23,1535,T,88,6.0NRT,294.9,13.6,N
15.207,98.031,310.9,1.3,1.1,2020-04-23,1535,T,81,6.0NRT,295,11.1,N
15.205,98.019,330.8,1.3,1.1,2020-04-23,1535,T,100,6.0NRT,295.2,40.1,N
15.217,98.029,311.2,1.3,1.1,2020-04-23,1535,T,82,6.0NRT,294.8,11.4,N
15.215,98.017,331.2,1.3,1.1,2020-04-23,1535,T,100,6.0NRT,294.9,40.9,N
15.278,98.153,315.5,1.3,1.1,2020-04-23,1535,T,91,6.0NRT,296,14.8,N
15.276,98.141,314.6,1.3,1.1,2020-04-23,1535,T,90,6.0NRT,295.9,13.5,N
15.363,97.918,322.1,1.3,1.1,2020-04-23,1535,T,100,6.0NRT,295.1,25.7,N
15.449,98.066,305.3,1.3,1.1,2020-04-23,1535,T,64,6.0NRT,294.4,5.6,N
15.501,98.203,309.2,1.3,1.1,2020-04-23,1535,T,77,6.0NRT,296,7.8,N
15.499,98.192,308.9,1.3,1.1,2020-04-23,1535,T,76,6.0NRT,295.5,7.7,N
15.747,98.208,305.7,1.2,1.1,2020-04-23,1535,T,65,6.0NRT,295.3,5.2,N
15.914,98.284,304.8,1.2,1.1,2020-04-23,1535,T,62,6.0NRT,294.3,4.9,N
15.904,98.026,311.6,1.3,1.1,2020-04-23,1535,T,83,6.0NRT,296.3,10.1,N
15.953,98.142,307.7,1.2,1.1,2020-04-23,1535,T,72,6.0NRT,295.8,6.8,N
16.506,98.467,305.4,1.2,1.1,2020-04-23,1535,T,64,6.0NRT,294.6,5.2,N
16.551,98.419,307.5,1.2,1.1,2020-04-23,1535,T,62,6.0NRT,295.4,6.7,N
16.56,98.417,312,1.2,1.1,2020-04-23,1535,T,83,6.0NRT,296,9.5,N
16.923,98.524,313.4,1.2,1.1,2020-04-23,1535,T,86,6.0NRT,297.7,9.7,N
16.927,98.528,309.5,1.2,1.1,2020-04-23,1535,T,73,6.0NRT,297.7,6.7,N
16.926,98.518,308.2,1.2,1.1,2020-04-23,1535,T,69,6.0NRT,297.8,5.6,N
17.141,99.675,320.5,1,1,2020-04-23,1535,T,100,6.0NRT,296.7,15.7,N
17.013,97.778,308.4,1.3,1.1,2020-04-23,1535,T,66,6.0NRT,297.4,8.1,N
17.115,98.105,306.2,1.2,1.1,2020-04-23,1535,T,26,6.0NRT,295.5,6.2,N
17.142,98.071,308,1.2,1.1,2020-04-23,1535,T,58,6.0NRT,296,7,N
17.151,98.069,318.3,1.2,1.1,2020-04-23,1535,T,96,6.0NRT,296.1,17.7,N
17.26,98.045,311.3,1.2,1.1,2020-04-23,1535,T,72,6.0NRT,295.2,10.8,N
17.258,98.033,316.6,1.2,1.1,2020-04-23,1535,T,92,6.0NRT,296.9,16.6,N
17.314,98.262,311.4,1.2,1.1,2020-04-23,1535,T,71,6.0NRT,296.1,10.1,N
17.369,97.963,307.7,1.2,1.1,2020-04-23,1535,T,61,6.0NRT,295,8.1,N
17.742,99.563,310.1,1,1,2020-04-23,1535,T,47,6.0NRT,295.6,7.2,N
17.39,97.197,307.8,1.4,1.2,2020-04-23,1535,T,65,6.0NRT,297.4,8.6,N
17.885,99.964,315.5,1,1,2020-04-23,1535,T,90,6.0NRT,296.5,10.5,N
18.147,100.569,305.9,1,1,2020-04-23,1535,T,34,6.0NRT,295.1,3.6,N
17.619,97.079,308.3,1.4,1.2,2020-04-23,1535,T,63,6.0NRT,298.1,6.9,N
18.157,100.571,308.5,1,1,2020-04-23,1535,T,73,6.0NRT,295,5.7,N
17.618,97.087,311.3,1.4,1.2,2020-04-23,1535,T,78,6.0NRT,298.3,10.5,N
17.665,97.245,307.8,1.3,1.1,2020-04-23,1535,T,65,6.0NRT,297.1,7.9,N
18.194,100.575,308.7,1,1,2020-04-23,1535,T,74,6.0NRT,295.2,6.2,N
17.654,97.053,319.9,1.4,1.2,2020-04-23,1535,T,99,6.0NRT,299,22.7,N
18.431,102.212,304.7,1.1,1,2020-04-23,1535,T,61,6.0NRT,294.3,4.8,N
17.808,97.623,308.9,1.3,1.1,2020-04-23,1535,T,68,6.0NRT,296.9,8.6,N
17.867,97.225,308,1.3,1.1,2020-04-23,1535,T,64,6.0NRT,296.6,8.9,N
17.913,97.067,307.3,1.4,1.2,2020-04-23,1535,T,51,6.0NRT,297.3,6.6,N
17.923,97.066,308.3,1.4,1.2,2020-04-23,1535,T,59,6.0NRT,297.6,7.5,N
17.933,97.064,311.2,1.4,1.2,2020-04-23,1535,T,54,6.0NRT,298.1,9.9,N
17.96,97.161,307.6,1.3,1.1,2020-04-23,1535,T,61,6.0NRT,297.3,7.9,N
17.943,97.062,311.2,1.4,1.2,2020-04-23,1535,T,42,6.0NRT,297.9,9.6,N
17.954,97.059,315.7,1.4,1.2,2020-04-23,1535,T,90,6.0NRT,298.5,15.7,N
17.96,97.032,309.4,1.4,1.2,2020-04-23,1535,T,70,6.0NRT,298.7,8.8,N
17.962,96.912,322.9,1.4,1.2,2020-04-23,1535,T,100,6.0NRT,298.5,27.3,N
17.959,96.919,314.1,1.4,1.2,2020-04-23,1535,T,86,6.0NRT,298.4,13.9,N
17.957,96.907,313.7,1.4,1.2,2020-04-23,1535,T,85,6.0NRT,298.3,13.6,N
18.014,96.991,309.7,1.4,1.2,2020-04-23,1535,T,56,6.0NRT,298.5,7.6,N
18.065,97.178,304.5,1.3,1.1,2020-04-23,1535,T,32,6.0NRT,294.4,6.8,N
18.094,97.047,308.2,1.3,1.2,2020-04-23,1535,T,64,6.0NRT,297.3,8,N
18.683,100.581,310,1,1,2020-04-23,1535,T,79,6.0NRT,294.6,7.1,N
18.682,100.571,313.1,1,1,2020-04-23,1535,T,86,6.0NRT,294.7,9.5,N
18.214,97.021,307.4,1.3,1.2,2020-04-23,1535,T,61,6.0NRT,295.7,8.4,N
18.323,96.866,311.1,1.4,1.2,2020-04-23,1535,T,77,6.0NRT,295.3,12.4,N
18.332,96.872,312.5,1.4,1.2,2020-04-23,1535,T,61,6.0NRT,295.5,13.1,N
18.361,96.983,309.8,1.3,1.2,2020-04-23,1535,T,72,6.0NRT,294.7,12.6,N
18.34,96.858,314.9,1.4,1.2,2020-04-23,1535,T,88,6.0NRT,295.6,16.1,N
18.35,96.856,305.9,1.4,1.2,2020-04-23,1535,T,12,6.0NRT,294.9,5.2,N
18.363,96.866,310.9,1.4,1.2,2020-04-23,1535,T,70,6.0NRT,296.4,10.4,N
18.519,97.447,307.5,1.3,1.1,2020-04-23,1535,T,61,6.0NRT,297.3,6.3,N
18.992,100.42,304.3,1,1,2020-04-23,1535,T,59,6.0NRT,293.7,3.6,N
18.805,98.173,319.2,1.1,1.1,2020-04-23,1535,T,98,6.0NRT,293.5,19,N
18.804,98.163,324.4,1.1,1.1,2020-04-23,1535,T,100,6.0NRT,293.1,25.7,N
18.809,98.167,325,1.1,1.1,2020-04-23,1535,T,100,6.0NRT,293.9,26.5,N
18.644,97.084,304.5,1.3,1.1,2020-04-23,1535,T,38,6.0NRT,291.4,8.3,N
18.674,96.884,323.3,1.4,1.2,2020-04-23,1535,T,100,6.0NRT,295.5,29.3,N
18.672,96.869,338.8,1.4,1.2,2020-04-23,1535,T,100,6.0NRT,297,61.6,N
18.684,96.882,324.9,1.4,1.2,2020-04-23,1535,T,100,6.0NRT,295.8,32,N
18.682,96.868,314.7,1.4,1.2,2020-04-23,1535,T,88,6.0NRT,295,16.7,N
18.817,96.884,304.9,1.3,1.1,2020-04-23,1535,T,40,6.0NRT,294.7,6.2,N
19.478,100.667,314.4,1,1,2020-04-23,1535,T,67,6.0NRT,290.5,11.7,N
18.923,96.71,310.6,1.4,1.2,2020-04-23,1535,T,74,6.0NRT,298.2,10.1,N
19.18,98.213,307.9,1.1,1.1,2020-04-23,1535,T,29,6.0NRT,296,6,N
19.194,98.205,307,1.1,1.1,2020-04-23,1535,T,61,6.0NRT,296.2,6.3,N
19.192,98.194,305.5,1.1,1.1,2020-04-23,1535,T,44,6.0NRT,295.4,5.3,N
19.483,99.869,308.5,1,1,2020-04-23,1535,T,75,6.0NRT,297,4.4,N
18.991,96.693,308.6,1.4,1.2,2020-04-23,1535,T,65,6.0NRT,297,8.4,N
18.989,96.68,310.2,1.4,1.2,2020-04-23,1535,T,72,6.0NRT,296.7,9.9,N
19.581,99.343,311.6,1,1,2020-04-23,1535,T,83,6.0NRT,294,9,N
19.578,99.323,305,1,1,2020-04-23,1535,T,63,6.0NRT,294.2,4.9,N
19.154,96.56,308.6,1.4,1.2,2020-04-23,1535,T,66,6.0NRT,295.6,8.5,N
19.813,100.115,305.9,1,1,2020-04-23,1535,T,66,6.0NRT,293.7,4.7,N
19.682,98.433,306.6,1.1,1,2020-04-23,1535,T,65,6.0NRT,291.5,7.6,N
19.315,96.061,306.8,1.5,1.2,2020-04-23,1535,T,61,6.0NRT,295.7,9,N
19.946,99.635,308.5,1,1,2020-04-23,1535,T,75,6.0NRT,294.4,6.3,N
19.668,96.617,305.1,1.4,1.2,2020-04-23,1535,T,45,6.0NRT,294.7,6.3,N
19.676,96.623,317.6,1.4,1.2,2020-04-23,1535,T,94,6.0NRT,295.1,19.5,N
19.674,96.611,309.5,1.4,1.2,2020-04-23,1535,T,33,6.0NRT,295.2,9.8,N
19.687,96.622,307.7,1.4,1.2,2020-04-23,1535,T,47,6.0NRT,295,8.4,N
19.685,96.61,309,1.4,1.2,2020-04-23,1535,T,70,6.0NRT,294.6,10.2,N
19.701,96.644,305.9,1.3,1.2,2020-04-23,1535,T,51,6.0NRT,294.2,7,N
20.291,99.533,314.4,1,1,2020-04-23,1535,T,89,6.0NRT,290.8,12.9,N
19.948,96.462,306.2,1.4,1.2,2020-04-23,1535,T,55,6.0NRT,295.1,6.3,N
19.946,96.449,314.5,1.4,1.2,2020-04-23,1535,T,88,6.0NRT,295.4,15.9,N
19.958,96.461,304.9,1.4,1.2,2020-04-23,1535,T,45,6.0NRT,294.3,5.4,N
20.057,96.437,308.9,1.4,1.2,2020-04-23,1535,T,53,6.0NRT,292.8,11.7,N
20.144,96.708,324.9,1.3,1.1,2020-04-23,1535,T,100,6.0NRT,290.2,34.9,N
20.142,96.695,330.9,1.3,1.1,2020-04-23,1535,T,100,6.0NRT,290.2,45.6,N
20.141,96.702,333.9,1.3,1.1,2020-04-23,1535,T,100,6.0NRT,290.2,52.2,N
20.139,96.689,301.8,1.3,1.1,2020-04-23,1535,T,24,6.0NRT,289.3,7.1,N
20.15,96.688,341.4,1.3,1.1,2020-04-23,1535,T,100,6.0NRT,286.9,70,N
20.148,96.676,312.3,1.3,1.1,2020-04-23,1535,T,59,6.0NRT,281.1,17.8,N
19.829,94.279,303.1,2,1.4,2020-04-23,1535,T,37,6.0NRT,289.3,12.9,N
19.833,94.272,306.1,2,1.4,2020-04-23,1535,T,62,6.0NRT,289.9,18.8,N
20.132,95.779,310.2,1.5,1.2,2020-04-23,1535,T,79,6.0NRT,295.1,12.9,N
19.874,94.083,302.4,2,1.4,2020-04-23,1535,T,33,6.0NRT,290.6,12,N
20.297,96.464,301.9,1.4,1.2,2020-04-23,1535,T,39,6.0NRT,291.8,4.1,N
19.877,94.076,306.3,2,1.4,2020-04-23,1535,T,61,6.0NRT,290.7,18.3,N
20.305,96.45,302.9,1.4,1.2,2020-04-23,1535,T,50,6.0NRT,292.7,5.3,N
20.348,96.454,306,1.4,1.2,2020-04-23,1535,T,59,6.0NRT,293.8,7.1,N
20.702,96.988,305.2,1.2,1.1,2020-04-23,1535,T,63,6.0NRT,288.5,9.2,N
20.691,96.548,304.9,1.3,1.1,2020-04-23,1535,T,62,6.0NRT,290.9,8.7,N
21.076,96.953,311.1,1.2,1.1,2020-04-23,1535,T,82,6.0NRT,291.4,13.8,N
22.335,99.459,303.1,1,1,2020-04-23,1535,T,53,6.0NRT,289,5.8,N
22.409,99.848,301.4,1,1,2020-04-23,1535,T,40,6.0NRT,288.8,4.6,N
1.498,127.638,304.8,1.5,1.2,2020-04-23,1645,A,62,6.0NRT,284,12.1,N
-1.458,127.44,308.5,1.4,1.2,2020-04-23,1645,A,61,6.0NRT,287.2,13.4,N
3.786,108.311,308.2,1,1,2020-04-23,1825,A,59,6.0NRT,287.9,7.4,N
18.694,96.87,309,4.3,1.9,2020-04-23,2000,A,76,6.0NRT,290.2,69.1,N
18.686,96.909,306.8,4.3,1.9,2020-04-23,2000,A,69,6.0NRT,290.1,59.9,N
18.645,97.106,300.5,4.5,1.9,2020-04-23,2000,A,29,6.0NRT,288.5,37.4,N
18.692,96.862,304.2,4.3,1.9,2020-04-23,2000,A,59,6.0NRT,290.1,43.3,N
18.684,96.901,312.2,4.3,1.9,2020-04-23,2000,A,84,6.0NRT,290.5,90.9,N
18.644,97.096,303.1,4.5,1.9,2020-04-23,2000,A,53,6.0NRT,288.7,50.1,N
17.053,120.665,327,2.4,1.5,2020-04-24,0205,T,79,6.0NRT,297.2,57.1,D
17.051,120.682,328.6,2.4,1.5,2020-04-24,0205,T,82,6.0NRT,299.8,59.6,D
17.057,120.66,318.3,2.4,1.5,2020-04-24,0205,T,24,6.0NRT,295.7,26.2,D
17.055,120.677,333.6,2.4,1.5,2020-04-24,0205,T,86,6.0NRT,299.9,84.2,D
16.242,120.705,316.1,2.3,1.5,2020-04-24,0205,T,50,6.0NRT,296.9,20.6,D
-2.573,121.383,314.5,1.1,1.1,2020-04-24,0215,T,69,6.0NRT,293.4,8.7,D
-2.581,121.372,350.7,1.1,1.1,2020-04-24,0215,T,96,6.0NRT,292.9,68,D
-2.582,121.382,346.8,1.1,1.1,2020-04-24,0215,T,94,6.0NRT,292.7,58.6,D
-2.829,122.161,319.5,1,1,2020-04-24,0215,T,57,6.0NRT,293.8,9.5,D
-8.223,124.037,313.9,1.1,1,2020-04-24,0215,T,59,6.0NRT,298.9,8.3,D
-8.574,119.721,313.3,1.2,1.1,2020-04-24,0215,T,58,6.0NRT,301.6,10.5,D
14.479,120.895,311.8,2.1,1.4,2020-04-24,0210,T,17,6.0NRT,300.1,18.2,D
14.022,120.991,325.6,2,1.4,2020-04-24,0210,T,0,6.0NRT,305.4,42.6,D
13.997,120.988,326.2,2,1.4,2020-04-24,0210,T,0,6.0NRT,306.1,44,D
12.315,122.575,311.1,1.5,1.2,2020-04-24,0210,T,0,6.0NRT,294.9,9.6,D
9.493,123.925,315.8,1.1,1.1,2020-04-24,0210,T,64,6.0NRT,298.5,12.1,D
8.453,124.808,331.5,1,1,2020-04-24,0210,T,83,6.0NRT,308.4,12.7,D
8.272,124.536,321.8,1,1,2020-04-24,0210,T,74,6.0NRT,299.3,11.8,D
7.665,125.029,328.2,1,1,2020-04-24,0210,T,80,6.0NRT,303.4,13.6,D
6.566,125.425,318.9,1,1,2020-04-24,0210,T,58,6.0NRT,298,6.3,D
6.236,125.352,316.6,1,1,2020-04-24,0210,T,47,6.0NRT,297.2,4.1,D
6.099,125.092,333.8,1,1,2020-04-24,0210,T,37,6.0NRT,308.5,18.2,D
6.021,125.063,349,1,1,2020-04-24,0210,T,89,6.0NRT,303.3,42.5,D
5.86,125.273,317.6,1,1,2020-04-24,0210,T,65,6.0NRT,292.6,7.6,D
1.537,124.907,313.5,1,1,2020-04-24,0210,T,45,6.0NRT,289.9,5.4,D
0.788,127.379,317,1.3,1.1,2020-04-24,0210,T,11,6.0NRT,293.8,13.9,D
0.78,127.371,313.6,1.3,1.1,2020-04-24,0210,T,0,6.0NRT,292.7,11.3,D
0.485,127.984,310.2,1.4,1.2,2020-04-24,0210,T,0,6.0NRT,291.6,12,D
0.483,127.996,313.3,1.4,1.2,2020-04-24,0210,T,0,6.0NRT,292.5,15.8,D
1.991,117.371,311.5,2.5,1.5,2020-04-24,0210,T,54,6.0NRT,287.7,19,D
1.04,120.825,307.7,1.3,1.1,2020-04-24,0210,T,28,6.0NRT,280.9,6.2,D
0.133,117.479,312.2,2.3,1.5,2020-04-24,0210,T,16,6.0NRT,289.9,18.2,D
-2.915,129.305,310.8,2,1.4,2020-04-24,0210,T,65,6.0NRT,291.4,16,D
-3.301,128.967,310.2,2,1.4,2020-04-24,0210,T,0,6.0NRT,291.4,13.1,D
19.473,100.671,326.8,1.2,1.1,2020-04-24,0345,T,68,6.0NRT,301.8,14.1,D
19.913,94.123,323.7,3.6,1.8,2020-04-24,0345,T,76,6.0NRT,297.4,87.9,D
19.698,94.157,313.4,3.5,1.8,2020-04-24,0345,T,34,6.0NRT,296.6,26.1,D
18.52,99.439,326.4,1.4,1.2,2020-04-24,0345,T,59,6.0NRT,304.4,14.4,D
18.514,99.432,328.2,1.4,1.2,2020-04-24,0345,T,69,6.0NRT,304.6,16.7,D
17.871,103.993,327.7,1,1,2020-04-24,0345,T,36,6.0NRT,299.2,11.9,D
17.921,102.539,323.5,1,1,2020-04-24,0345,T,56,6.0NRT,295.9,11,D
17.87,100.376,332,1.2,1.1,2020-04-24,0345,T,66,6.0NRT,303.8,21.3,D
17.727,100.444,329.4,1.2,1.1,2020-04-24,0345,T,53,6.0NRT,301.7,15.9,D
17.587,99.514,318.8,1.3,1.1,2020-04-24,0345,T,23,6.0NRT,294.5,11.3,D
17.561,99.548,322.1,1.3,1.1,2020-04-24,0345,T,39,6.0NRT,298.2,14.3,D
17.719,98.134,323.9,1.7,1.3,2020-04-24,0345,T,68,6.0NRT,299.9,27.7,D
17.402,100.368,328,1.2,1.1,2020-04-24,0345,T,66,6.0NRT,304.1,12.8,D
17.195,101.088,324.4,1.1,1,2020-04-24,0345,T,35,6.0NRT,300.6,12.4,D
17.106,100.947,332.1,1.1,1,2020-04-24,0345,T,51,6.0NRT,304.7,19.1,D
17.414,97.638,356.9,1.8,1.3,2020-04-24,0345,T,98,6.0NRT,298.9,155,D
17.412,97.654,325.5,1.8,1.3,2020-04-24,0345,T,65,6.0NRT,299.5,27.2,D
17.029,98.171,337.9,1.6,1.2,2020-04-24,0345,T,85,6.0NRT,300.3,62.6,D
17.027,98.179,328.3,1.6,1.2,2020-04-24,0345,T,72,6.0NRT,300.1,34.4,D
16.305,101.009,323.1,1.1,1,2020-04-24,0345,T,68,6.0NRT,296.2,12.8,D
15.934,101.101,326.8,1.1,1,2020-04-24,0345,T,74,6.0NRT,288.2,12.5,D
16.061,97.681,327.9,1.7,1.3,2020-04-24,0345,T,64,6.0NRT,299.7,17.4,D
16.05,97.68,332.6,1.7,1.3,2020-04-24,0345,T,80,6.0NRT,299.4,31.6,D
15.109,102.605,331.1,1,1,2020-04-24,0345,T,75,6.0NRT,302.5,11.6,D
15.631,97.742,313.6,1.6,1.3,2020-04-24,0345,T,23,6.0NRT,288.9,9.8,D
14.783,100.532,327.3,1.1,1,2020-04-24,0345,T,66,6.0NRT,296.8,8,D
15.088,98.14,317.6,1.5,1.2,2020-04-24,0345,T,61,6.0NRT,292.1,16.5,D
14.682,98.188,325.6,1.5,1.2,2020-04-24,0345,T,73,6.0NRT,288.5,31.9,D
12.367,105.886,316.8,1.4,1.2,2020-04-24,0345,T,67,6.0NRT,292.3,13.4,D
12.365,105.899,314,1.4,1.2,2020-04-24,0345,T,61,6.0NRT,291.8,9.4,D
13.274,98.524,326.9,1.4,1.2,2020-04-24,0345,T,28,6.0NRT,303.3,16.7,D
6.765,100.695,329,1,1,2020-04-24,0350,T,80,6.0NRT,297.7,17.3,D
5.646,100.534,321.7,1,1,2020-04-24,0350,T,48,6.0NRT,299.5,6.3,D
5.638,100.588,312.5,1,1,2020-04-24,0350,T,58,6.0NRT,296.6,4.4,D
5.593,100.645,317.1,1,1,2020-04-24,0350,T,21,6.0NRT,299,6.1,D
5.412,100.561,323.5,1,1,2020-04-24,0350,T,44,6.0NRT,300.7,9,D
5.454,100.212,313.3,1,1,2020-04-24,0350,T,51,6.0NRT,298.1,6.3,D
5.226,100.449,318,1,1,2020-04-24,0350,T,34,6.0NRT,299.3,6.1,D
5.01,100.536,317.1,1,1,2020-04-24,0350,T,69,6.0NRT,299.9,7.2,D
4.857,100.699,320.4,1,1,2020-04-24,0350,T,45,6.0NRT,297.2,8.5,D
4.839,100.633,313.3,1,1,2020-04-24,0350,T,54,6.0NRT,298.1,5.8,D
4.218,100.783,315.4,1,1,2020-04-24,0350,T,56,6.0NRT,294.4,9.5,D
2.828,101.818,323.6,1.1,1,2020-04-24,0350,T,33,6.0NRT,296.9,11.6,D
1.864,101.681,309.8,1.1,1.1,2020-04-24,0350,T,16,6.0NRT,281.5,7.2,D
1.407,101.655,309.7,1.1,1.1,2020-04-24,0350,T,29,6.0NRT,284.8,6.6,D
-0.383,102.772,314,1.4,1.2,2020-04-24,0350,T,45,6.0NRT,293.8,10.5,D
30.891,109.177,304,1.2,1.1,2020-04-24,0340,T,52,6.0NRT,293.1,6,D
30.997,108.306,309.8,1.1,1,2020-04-24,0340,T,45,6.0NRT,294.7,6.6,D
30.967,107.863,307.3,1,1,2020-04-24,0340,T,55,6.0NRT,293.9,4.6,D
30.854,108.343,310.7,1.1,1,2020-04-24,0340,T,38,6.0NRT,296.2,7.6,D
30.852,108.354,312.9,1.1,1,2020-04-24,0340,T,60,6.0NRT,296.1,9.4,D
30.9,107.877,310.2,1,1,2020-04-24,0340,T,70,6.0NRT,293.9,7,D
30.903,107.623,306.7,1,1,2020-04-24,0340,T,63,6.0NRT,291.7,6,D
30.86,107.835,305.6,1,1,2020-04-24,0340,T,59,6.0NRT,293.3,4.7,D
30.841,107.724,307.3,1,1,2020-04-24,0340,T,62,6.0NRT,294.8,5,D
30.72,108.084,306.4,1.1,1,2020-04-24,0340,T,63,6.0NRT,291.4,6.7,D
30.61,108.64,304.7,1.1,1.1,2020-04-24,0340,T,60,6.0NRT,293.6,6.7,D
30.741,107.244,307.8,1,1,2020-04-24,0340,T,39,6.0NRT,294.2,5.5,D
30.499,108.071,309,1.1,1,2020-04-24,0340,T,68,6.0NRT,293.2,8,D
30.518,107.66,304.6,1,1,2020-04-24,0340,T,39,6.0NRT,290.8,4.3,D
30.288,108.909,307.4,1.2,1.1,2020-04-24,0340,T,19,6.0NRT,292.4,6.9,D
30.196,107.063,308.8,1,1,2020-04-24,0340,T,67,6.0NRT,293.4,6,D
30.187,107.062,307,1,1,2020-04-24,0340,T,60,6.0NRT,293.2,4.7,D
29.714,106.653,308.1,1,1,2020-04-24,0340,T,48,6.0NRT,287.5,5.6,D
15.284,121.114,325.9,1.1,1,2020-04-24,0515,A,68,6.0NRT,300,14.2,D
15.76,120.081,328.3,1.2,1.1,2020-04-24,0515,A,80,6.0NRT,296.3,25.5,D
15.968,121.364,323,1.1,1,2020-04-24,0515,A,76,6.0NRT,294.4,15.5,D
15.967,121.354,371.9,1.1,1,2020-04-24,0515,A,100,6.0NRT,300.2,126.2,D
15.976,121.352,342.1,1.1,1,2020-04-24,0515,A,91,6.0NRT,296.6,43.7,D
16.603,121.296,321.3,1,1,2020-04-24,0515,A,44,6.0NRT,300.6,8.3,D
17.416,121.865,325.8,1,1,2020-04-24,0515,A,58,6.0NRT,299.1,13.3,D
17.528,121.812,321.9,1,1,2020-04-24,0515,A,26,6.0NRT,298,9.7,D
17.562,121.422,332.9,1,1,2020-04-24,0515,A,72,6.0NRT,301.9,21.3,D
18.345,120.683,328.7,1.1,1,2020-04-24,0515,A,63,6.0NRT,302,18,D
25.915,118.018,308.5,1.1,1.1,2020-04-24,0515,A,38,6.0NRT,287.7,8.8,D
30.314,119.78,309.3,1,1,2020-04-24,0515,A,59,6.0NRT,290.8,6.4,D
30.184,116.095,313.4,1.2,1.1,2020-04-24,0515,A,37,6.0NRT,299.6,8.8,D
30.68,118.991,306.8,1,1,2020-04-24,0515,A,52,6.0NRT,290.3,5.2,D
30.816,119.751,306.9,1,1,2020-04-24,0515,A,33,6.0NRT,288.6,4.4,D
30.904,119.984,310.6,1,1,2020-04-24,0515,A,40,6.0NRT,295.4,4.3,D
30.563,117.019,318.4,1.1,1,2020-04-24,0515,A,35,6.0NRT,302,9.5,D
30.451,116.341,315.4,1.2,1.1,2020-04-24,0515,A,63,6.0NRT,298.6,10.1,D
30.963,118.654,311.4,1,1,2020-04-24,0515,A,39,6.0NRT,299.9,4.8,D
30.839,117.778,313.1,1,1,2020-04-24,0515,A,54,6.0NRT,301.7,6.9,D
30.761,116.827,317.4,1.1,1.1,2020-04-24,0515,A,57,6.0NRT,300.9,10.4,D
30.882,117.517,310.5,1.1,1,2020-04-24,0515,A,50,6.0NRT,297.5,4.7,D
30.773,116.836,312.7,1.1,1.1,2020-04-24,0515,A,16,6.0NRT,297.9,5.9,D
30.772,114.207,314.2,1.5,1.2,2020-04-24,0515,A,0,6.0NRT,301.5,12.6,D
-8.854,121.65,311.8,2.2,1.4,2020-04-24,0505,A,0,6.0NRT,295.7,23.1,D
0.584,117.492,311.2,3.3,1.7,2020-04-24,0510,A,21,6.0NRT,290.9,28.7,D
1.996,117.369,312.2,3.2,1.7,2020-04-24,0510,A,47,6.0NRT,290.3,30.9,D
1.993,117.365,314.6,3.2,1.7,2020-04-24,0510,A,53,6.0NRT,290.7,39,D
5.984,125.605,312.6,1,1,2020-04-24,0510,A,52,6.0NRT,295.3,5.5,D
6.018,125.062,342.6,1,1,2020-04-24,0510,A,90,6.0NRT,309.3,26.5,D
6.017,125.053,369.6,1,1,2020-04-24,0510,A,100,6.0NRT,309.3,94.4,D
6.016,125.044,376.4,1,1,2020-04-24,0510,A,100,6.0NRT,308.2,120.6,D
6.026,125.052,334.4,1,1,2020-04-24,0510,A,44,6.0NRT,307.2,14.9,D
6.13,125.269,331.5,1,1,2020-04-24,0510,A,72,6.0NRT,306.6,15.4,D
6.208,125.431,324.1,1,1,2020-04-24,0510,A,60,6.0NRT,303.6,8.5,D
6.207,125.422,324.2,1,1,2020-04-24,0510,A,65,6.0NRT,304.4,8.6,D
6.366,124.667,325.6,1,1,2020-04-24,0510,A,49,6.0NRT,302.3,10.5,D
6.549,125.174,321,1,1,2020-04-24,0510,A,66,6.0NRT,297.8,8,D
6.58,125.062,319.9,1,1,2020-04-24,0510,A,60,6.0NRT,295.1,11.5,D
7.083,124.278,326.7,1,1,2020-04-24,0510,A,57,6.0NRT,301.1,12.4,D
7.397,125.504,325.8,1,1,2020-04-24,0510,A,65,6.0NRT,296.4,16.2,D
7.699,125.63,318.8,1,1,2020-04-24,0510,A,58,6.0NRT,300.9,6.1,D
7.666,125.335,318.3,1,1,2020-04-24,0510,A,45,6.0NRT,298.5,8.5,D
7.707,125.229,333.9,1,1,2020-04-24,0510,A,85,6.0NRT,299,27.1,D
7.554,122.348,316.9,1.1,1.1,2020-04-24,0510,A,56,6.0NRT,297.7,8,D
8.038,124.578,313.2,1,1,2020-04-24,0510,A,37,6.0NRT,289.3,6,D
8.237,124.747,324.3,1,1,2020-04-24,0510,A,65,6.0NRT,302.3,11.6,D
9.116,124.779,315.4,1,1,2020-04-24,0510,A,60,6.0NRT,297.8,5.6,D
9.489,123.92,317.8,1,1,2020-04-24,0510,A,68,6.0NRT,303.5,10.2,D
11.832,119.938,326.3,1.4,1.2,2020-04-24,0510,A,79,6.0NRT,294.8,25.3,D
12.566,123.281,324.3,1,1,2020-04-24,0510,A,57,6.0NRT,296.4,12.6,D
12.421,122.045,315.3,1.1,1,2020-04-24,0510,A,56,6.0NRT,296.5,5.7,D
12.408,121.157,342.3,1.2,1.1,2020-04-24,0510,A,91,6.0NRT,297.8,45.8,D
12.418,121.155,326.5,1.2,1.1,2020-04-24,0510,A,80,6.0NRT,296.9,18.1,D
13.237,123.537,319.1,1,1,2020-04-24,0510,A,68,6.0NRT,302.1,7.5,D
13.067,121.305,318.5,1.1,1.1,2020-04-24,0510,A,70,6.0NRT,294.3,12.3,D
13.067,121.242,312.5,1.1,1.1,2020-04-24,0510,A,54,6.0NRT,294.1,7.6,D
13.35,121.003,326.2,1.1,1.1,2020-04-24,0510,A,79,6.0NRT,296.6,22.4,D
13.349,120.992,322.3,1.2,1.1,2020-04-24,0510,A,75,6.0NRT,296.7,17.8,D
13.423,120.941,318.3,1.2,1.1,2020-04-24,0510,A,46,6.0NRT,297.3,11.9,D
13.421,120.931,327.1,1.2,1.1,2020-04-24,0510,A,80,6.0NRT,297.1,23.4,D
13.431,120.93,321.1,1.2,1.1,2020-04-24,0510,A,67,6.0NRT,296,16.1,D
13.475,120.901,317.6,1.2,1.1,2020-04-24,0510,A,68,6.0NRT,298.3,11.7,D
13.758,121.321,316.9,1.1,1,2020-04-24,0510,A,45,6.0NRT,297.5,6.1,D
14.044,122.555,322.8,1,1,2020-04-24,0510,A,74,6.0NRT,299.1,13.6,D
14.042,122.546,332.2,1,1,2020-04-24,0510,A,84,6.0NRT,299.5,24.9,D
14.096,122.661,313.1,1,1,2020-04-24,0510,A,52,6.0NRT,297.4,6,D
14.094,122.652,325.4,1,1,2020-04-24,0510,A,78,6.0NRT,297.2,18,D
14.548,121.288,343.1,1.1,1,2020-04-24,0510,A,92,6.0NRT,304.8,41.1,D
14.547,121.278,324.6,1.1,1,2020-04-24,0510,A,77,6.0NRT,305.8,10.3,D
14.611,121.475,325,1.1,1,2020-04-24,0510,A,78,6.0NRT,299.5,17.8,D
14.634,121.501,317.6,1.1,1,2020-04-24,0510,A,58,6.0NRT,298.9,10.7,D
14.629,121.472,341.5,1.1,1,2020-04-24,0510,A,91,6.0NRT,299.3,43,D
14.639,121.471,340.8,1.1,1,2020-04-24,0510,A,90,6.0NRT,298.2,42.5,D
14.644,121.441,323.1,1.1,1,2020-04-24,0510,A,76,6.0NRT,297.7,16.5,D
1.451,101.453,319.3,1,1,2020-04-24,0650,A,56,6.0NRT,296.6,10.4,D
1.86,101.68,323.9,1,1,2020-04-24,0650,A,59,6.0NRT,296.1,13.6,D
1.859,101.671,323.2,1,1,2020-04-24,0650,A,45,6.0NRT,295.2,12.5,D
2.874,101.494,320.5,1,1,2020-04-24,0650,A,18,6.0NRT,298.7,8.7,D
3.212,103.356,319.2,1.2,1.1,2020-04-24,0650,A,61,6.0NRT,296.9,11.4,D
3.41,98.508,314.5,1.1,1.1,2020-04-24,0650,A,64,6.0NRT,294.5,7.7,D
3.51,98.631,321.7,1.1,1.1,2020-04-24,0650,A,54,6.0NRT,299.7,12.9,D
4.068,101.154,315.6,1,1,2020-04-24,0650,A,51,6.0NRT,296.1,6.3,D
5.009,100.531,318.5,1,1,2020-04-24,0650,A,71,6.0NRT,299.3,7.4,D
5.408,100.558,322.1,1,1,2020-04-24,0650,A,35,6.0NRT,299.3,9.1,D
5.517,100.476,317.1,1,1,2020-04-24,0650,A,43,6.0NRT,297.7,8.8,D
5.576,100.44,315.7,1,1,2020-04-24,0650,A,50,6.0NRT,295.7,5.9,D
6.334,99.82,315.1,1,1,2020-04-24,0650,A,35,6.0NRT,298.3,5.6,D
10.393,98.669,318.4,1,1,2020-04-24,0650,A,70,6.0NRT,298.2,8.1,D
10.407,98.639,316,1,1,2020-04-24,0650,A,57,6.0NRT,298.7,6.3,D
10.467,98.733,320.7,1,1,2020-04-24,0650,A,73,6.0NRT,298.7,10.9,D
10.465,98.724,314,1,1,2020-04-24,0650,A,60,6.0NRT,298.1,5.1,D
11.899,99.475,325.7,1,1,2020-04-24,0650,A,68,6.0NRT,281.2,16.4,D
11.898,99.466,323.6,1,1,2020-04-24,0650,A,51,6.0NRT,281.3,14.2,D
11.937,99.358,317.1,1,1,2020-04-24,0650,A,34,6.0NRT,288.8,9.9,D
12.127,98.754,324.1,1,1,2020-04-24,0650,A,76,6.0NRT,294.2,14.4,D
12.126,98.745,317.3,1,1,2020-04-24,0650,A,26,6.0NRT,289.6,8.5,D
12.41,99.12,312.4,1,1,2020-04-24,0650,A,30,6.0NRT,287.3,3.9,D
12.441,99.078,314,1,1,2020-04-24,0650,A,25,6.0NRT,285.4,6,D
12.44,99.069,316.1,1,1,2020-04-24,0650,A,43,6.0NRT,288.7,8.2,D
12.655,98.907,306.9,1,1,2020-04-24,0650,A,21,6.0NRT,277.9,4.8,D
13.939,107.126,325.8,3.2,1.7,2020-04-24,0650,A,73,6.0NRT,300.2,74.3,D
13.763,101.019,327.6,1.2,1.1,2020-04-24,0650,A,59,6.0NRT,300.8,13.8,D
13.849,100.979,326.4,1.2,1.1,2020-04-24,0650,A,44,6.0NRT,298.5,10.5,D
14.028,100.653,330.7,1.1,1.1,2020-04-24,0650,A,79,6.0NRT,302.8,12.7,D
13.788,98.515,312.7,1,1,2020-04-24,0650,A,46,6.0NRT,282,8,D
13.839,98.109,313.3,1,1,2020-04-24,0650,A,57,6.0NRT,288.9,6.6,D
14.41,97.983,320.2,1,1,2020-04-24,0650,A,43,6.0NRT,298.5,8,D
14.46,98.007,319.2,1,1,2020-04-24,0650,A,67,6.0NRT,297.6,6.6,D
14.649,98.301,317.8,1,1,2020-04-24,0650,A,59,6.0NRT,295.1,9.2,D
14.684,98.279,325.8,1,1,2020-04-24,0650,A,75,6.0NRT,293.5,17.5,D
14.672,98.197,322.2,1,1,2020-04-24,0650,A,66,6.0NRT,287.5,14,D
14.756,98.084,316,1,1,2020-04-24,0650,A,53,6.0NRT,284.1,8.5,D
14.823,97.841,323.3,1,1,2020-04-24,0650,A,74,6.0NRT,295.9,11.9,D
15.222,100.648,331.3,1.2,1.1,2020-04-24,0650,A,62,6.0NRT,299.1,17.7,D
15.28,98.141,338.7,1,1,2020-04-24,0650,A,88,6.0NRT,298.7,29.8,D
15.299,98.208,316.9,1,1,2020-04-24,0650,A,30,6.0NRT,294.9,8,D
15.587,98.286,326.1,1,1,2020-04-24,0650,A,63,6.0NRT,294.8,14.9,D
15.586,98.277,326.9,1,1,2020-04-24,0650,A,70,6.0NRT,295.3,15.4,D
15.984,100.027,336.3,1.1,1,2020-04-24,0650,A,61,6.0NRT,308.8,14.2,D
16.037,99.807,333.9,1.1,1,2020-04-24,0650,A,50,6.0NRT,306,12.5,D
15.931,98.508,324.2,1,1,2020-04-24,0650,A,43,6.0NRT,299.1,7.8,D
15.94,98.507,328.5,1,1,2020-04-24,0650,A,64,6.0NRT,298.6,12.8,D
16.553,98.417,326.2,1,1,2020-04-24,0650,A,51,6.0NRT,301.5,12.6,D
16.167,95.677,334.2,1.1,1.1,2020-04-24,0650,A,86,6.0NRT,309.6,13.2,D
16.581,98.422,323,1,1,2020-04-24,0650,A,18,6.0NRT,301.5,6.7,D
16.58,98.413,324.4,1,1,2020-04-24,0650,A,37,6.0NRT,301.8,8.5,D
16.616,98.344,334.8,1,1,2020-04-24,0650,A,78,6.0NRT,305.2,22.1,D
16.91,98.204,331.6,1,1,2020-04-24,0650,A,74,6.0NRT,304,18.1,D
16.351,94.371,324.2,1.3,1.1,2020-04-24,0650,A,69,6.0NRT,305.6,12.8,D
16.991,98.195,325.9,1,1,2020-04-24,0650,A,54,6.0NRT,295.6,14.9,D
16.508,94.912,324.9,1.2,1.1,2020-04-24,0650,A,56,6.0NRT,302.7,10.3,D
17.015,98.172,324.8,1,1,2020-04-24,0650,A,40,6.0NRT,298.1,13.5,D
17.024,98.171,340.8,1,1,2020-04-24,0650,A,86,6.0NRT,300.2,35,D
17.148,98.527,327.5,1,1,2020-04-24,0650,A,45,6.0NRT,300.9,14.1,D
17.008,97.416,332.4,1,1,2020-04-24,0650,A,55,6.0NRT,310.3,11,D
17.137,98.122,344.7,1,1,2020-04-24,0650,A,90,6.0NRT,300.8,42.7,D
17.097,97.653,330,1,1,2020-04-24,0650,A,57,6.0NRT,302.4,14.6,D
17.096,97.644,331.2,1,1,2020-04-24,0650,A,61,6.0NRT,302.8,17,D
17.243,98.023,326.2,1,1,2020-04-24,0650,A,64,6.0NRT,302.9,11.7,D
17.254,98.04,335.1,1,1,2020-04-24,0650,A,80,6.0NRT,300.5,25.2,D
17.253,98.031,326.2,1,1,2020-04-24,0650,A,61,6.0NRT,300.4,12.8,D
17.305,98.271,331.7,1,1,2020-04-24,0650,A,75,6.0NRT,306.6,17.6,D
17.304,98.261,335.6,1,1,2020-04-24,0650,A,81,6.0NRT,307.8,22.1,D
17.303,98.252,330.1,1,1,2020-04-24,0650,A,55,6.0NRT,306.9,13.5,D
17.301,98.243,333.8,1,1,2020-04-24,0650,A,76,6.0NRT,309.7,17.8,D
17.286,98.073,325,1,1,2020-04-24,0650,A,57,6.0NRT,301,12.9,D
16.851,94.553,334,1.3,1.1,2020-04-24,0650,A,84,6.0NRT,304.8,28.2,D
16.861,94.551,332.2,1.3,1.1,2020-04-24,0650,A,84,6.0NRT,304.4,28,D
16.862,94.557,328.5,1.3,1.1,2020-04-24,0650,A,75,6.0NRT,305.5,20.8,D
16.86,94.545,328.4,1.3,1.1,2020-04-24,0650,A,75,6.0NRT,303.3,21.9,D
16.867,94.457,319.2,1.3,1.1,2020-04-24,0650,A,41,6.0NRT,302.7,8.1,D
16.981,94.53,322.5,1.3,1.1,2020-04-24,0650,A,75,6.0NRT,301.5,14.1,D
17.52,97.971,331.8,1,1,2020-04-24,0650,A,79,6.0NRT,306.2,13.8,D
17.519,97.962,335.9,1,1,2020-04-24,0650,A,84,6.0NRT,308.7,21,D
17.529,97.97,333,1,1,2020-04-24,0650,A,81,6.0NRT,308.3,14.7,D
17.098,94.744,330.4,1.2,1.1,2020-04-24,0650,A,83,6.0NRT,306.8,14.5,D
17.947,100.592,327.6,1.2,1.1,2020-04-24,0650,A,60,6.0NRT,303.7,11.5,D
17.133,94.773,339.6,1.2,1.1,2020-04-24,0650,A,90,6.0NRT,308.5,32.4,D
17.131,94.761,334.8,1.2,1.1,2020-04-24,0650,A,86,6.0NRT,307.6,23.2,D
17.142,94.771,332.9,1.2,1.1,2020-04-24,0650,A,81,6.0NRT,307.3,19.8,D
17.141,94.76,329.4,1.2,1.1,2020-04-24,0650,A,59,6.0NRT,306.5,15.3,D
17.135,94.533,342.8,1.3,1.1,2020-04-24,0650,A,91,6.0NRT,303.5,54.4,D
17.136,94.54,323.2,1.3,1.1,2020-04-24,0650,A,74,6.0NRT,302,14.8,D
17.134,94.528,332.6,1.3,1.1,2020-04-24,0650,A,85,6.0NRT,303.5,31.5,D
17.175,94.653,321.5,1.3,1.1,2020-04-24,0650,A,74,6.0NRT,304.4,10.8,D
17.173,94.642,334.3,1.3,1.1,2020-04-24,0650,A,86,6.0NRT,305,32.8,D
17.16,94.56,323.1,1.3,1.1,2020-04-24,0650,A,76,6.0NRT,302.5,15.6,D
17.389,94.711,316.1,1.2,1.1,2020-04-24,0650,A,65,6.0NRT,302.8,7,D
17.498,94.814,322.8,1.2,1.1,2020-04-24,0650,A,26,6.0NRT,305.1,9.8,D
17.482,94.652,323.1,1.2,1.1,2020-04-24,0650,A,67,6.0NRT,305,10.9,D
18.396,100.451,328.8,1.2,1.1,2020-04-24,0650,A,63,6.0NRT,304.7,10.7,D
18.591,100.541,330.6,1.2,1.1,2020-04-24,0650,A,70,6.0NRT,304.3,18.8,D
18.006,95.825,335.9,1.1,1,2020-04-24,0650,A,82,6.0NRT,310.8,18.8,D
18.319,96.873,335.2,1,1,2020-04-24,0650,A,54,6.0NRT,291.1,26.1,D
18.336,96.854,339.3,1,1,2020-04-24,0650,A,82,6.0NRT,295.4,31.5,D
18.364,96.985,331.7,1,1,2020-04-24,0650,A,32,6.0NRT,295.7,22.3,D
17.988,94.538,330.1,1.2,1.1,2020-04-24,0650,A,62,6.0NRT,304.8,21.3,D
18.044,94.576,319.1,1.2,1.1,2020-04-24,0650,A,45,6.0NRT,303.2,10.2,D
18.042,94.565,352.8,1.2,1.1,2020-04-24,0650,A,96,6.0NRT,304.5,80.5,D
18.753,98.101,339.4,1,1,2020-04-24,0650,A,88,6.0NRT,307.6,32.6,D
18.752,98.091,332.8,1,1,2020-04-24,0650,A,82,6.0NRT,307.2,22.8,D
18.425,95.117,345,1.1,1.1,2020-04-24,0650,A,91,6.0NRT,313.1,33.3,D
18.423,95.106,337.5,1.1,1.1,2020-04-24,0650,A,64,6.0NRT,313.5,19,D
18.385,94.858,321.4,1.2,1.1,2020-04-24,0650,A,42,6.0NRT,306.4,8.5,D
19.27,101.097,332.2,1.4,1.2,2020-04-24,0650,A,59,6.0NRT,297.1,34.3,D
18.544,94.615,322.3,1.2,1.1,2020-04-24,0650,A,37,6.0NRT,302.7,12,D
18.888,96.726,318.3,1,1,2020-04-24,0650,A,51,6.0NRT,297.5,6.9,D
18.648,94.438,341.4,1.2,1.1,2020-04-24,0650,A,91,6.0NRT,298.1,48.2,D
-6.1,105.427,315.4,1.2,1.1,2020-04-24,0645,A,64,6.0NRT,284.1,15,D
-3.766,103.318,311.8,1,1,2020-04-24,0645,A,58,6.0NRT,293.4,4.6,D
-0.343,102.743,318,1,1,2020-04-24,0645,A,31,6.0NRT,295.6,9,D
-0.281,102.411,314.8,1,1,2020-04-24,0645,A,24,6.0NRT,292.2,6.2,D
-0.175,103.019,319,1.1,1,2020-04-24,0645,A,43,6.0NRT,296.5,11.1,D
1.21,103.638,310.8,1.2,1.1,2020-04-24,0645,A,43,6.0NRT,291.5,7.3,D
1.246,103.612,317.3,1.2,1.1,2020-04-24,0645,A,45,6.0NRT,295.1,11.9,D
19.316,96.694,318.3,1,1,2020-04-24,0655,A,50,6.0NRT,298.3,8.5,D
19.315,96.684,321.4,1,1,2020-04-24,0655,A,64,6.0NRT,298.5,12,D
19.225,94.647,327.2,1.2,1.1,2020-04-24,0655,A,48,6.0NRT,310.4,13.3,D
19.574,96.697,326.1,1,1,2020-04-24,0655,A,69,6.0NRT,304.9,12.7,D
19.573,96.688,357.9,1,1,2020-04-24,0655,A,98,6.0NRT,306.3,71.1,D
19.721,96.631,340.8,1,1,2020-04-24,0655,A,88,6.0NRT,300.8,35.6,D
19.422,94.397,324.9,1.2,1.1,2020-04-24,0655,A,54,6.0NRT,302.9,18.1,D
19.432,94.395,325.8,1.2,1.1,2020-04-24,0655,A,53,6.0NRT,303.4,18,D
19.43,94.384,328.9,1.2,1.1,2020-04-24,0655,A,69,6.0NRT,303.4,23,D
19.434,94.348,339.9,1.2,1.1,2020-04-24,0655,A,85,6.0NRT,302.4,45.8,D
19.348,93.816,330,1.3,1.1,2020-04-24,0655,A,71,6.0NRT,307.6,21.5,D
20.515,100.542,341.5,1.3,1.1,2020-04-24,0655,A,86,6.0NRT,286.6,58.9,D
19.686,94.457,324,1.2,1.1,2020-04-24,0655,A,47,6.0NRT,300.2,17,D
19.685,94.446,334.6,1.2,1.1,2020-04-24,0655,A,80,6.0NRT,300.7,35.1,D
19.696,94.455,364.9,1.2,1.1,2020-04-24,0655,A,100,6.0NRT,304.4,118.2,D
19.694,94.444,328.9,1.2,1.1,2020-04-24,0655,A,57,6.0NRT,300.3,24.1,D
19.649,94.094,483.3,1.2,1.1,2020-04-24,0655,A,100,6.0NRT,325.6,1705.3,D
19.647,94.083,389.2,1.2,1.1,2020-04-24,0655,A,100,6.0NRT,310.8,251.2,D
19.649,94.089,444.1,1.2,1.1,2020-04-24,0655,A,100,6.0NRT,326.7,860.9,D
19.674,94.181,323.7,1.2,1.1,2020-04-24,0655,A,50,6.0NRT,297.2,13,D
19.682,94.168,385.5,1.2,1.1,2020-04-24,0655,A,100,6.0NRT,307.6,223.4,D
19.68,94.156,380.7,1.2,1.1,2020-04-24,0655,A,100,6.0NRT,307.2,196.7,D
19.734,94.431,336.7,1.2,1.1,2020-04-24,0655,A,83,6.0NRT,302,41.6,D
19.733,94.42,323.3,1.2,1.1,2020-04-24,0655,A,58,6.0NRT,300.9,19,D
19.691,94.165,431.5,1.2,1.1,2020-04-24,0655,A,100,6.0NRT,320.8,660.6,D
19.69,94.154,397.2,1.2,1.1,2020-04-24,0655,A,100,6.0NRT,314.3,304.8,D
19.703,94.175,351.4,1.2,1.1,2020-04-24,0655,A,95,6.0NRT,300.3,69.1,D
19.701,94.163,413.6,1.2,1.1,2020-04-24,0655,A,100,6.0NRT,310.9,448.1,D
19.699,94.152,379.4,1.2,1.1,2020-04-24,0655,A,100,6.0NRT,308,186.9,D
19.713,94.173,396.9,1.2,1.1,2020-04-24,0655,A,100,6.0NRT,306.4,300.7,D
19.711,94.161,433.8,1.2,1.1,2020-04-24,0655,A,100,6.0NRT,316.1,691.6,D
19.746,94.191,397,1.2,1.1,2020-04-24,0655,A,100,6.0NRT,309,303.1,D
19.744,94.179,375.7,1.2,1.1,2020-04-24,0655,A,100,6.0NRT,308,168.2,D
19.787,94.367,335,1.2,1.1,2020-04-24,0655,A,81,6.0NRT,301.9,37.8,D
19.797,94.366,384.3,1.2,1.1,2020-04-24,0655,A,100,6.0NRT,304.4,215.3,D
19.795,94.354,331.5,1.2,1.1,2020-04-24,0655,A,77,6.0NRT,300.2,31,D
19.83,94.325,332.3,1.2,1.1,2020-04-24,0655,A,78,6.0NRT,301.6,31.6,D
19.84,94.324,330.6,1.2,1.1,2020-04-24,0655,A,76,6.0NRT,301.5,28,D
19.852,94.334,323.4,1.2,1.1,2020-04-24,0655,A,59,6.0NRT,299.2,18,D
19.786,93.923,323.2,1.3,1.1,2020-04-24,0655,A,56,6.0NRT,305.4,14.6,D
19.796,93.921,401.4,1.3,1.1,2020-04-24,0655,A,100,6.0NRT,307.7,354.9,D
19.794,93.909,333.1,1.3,1.1,2020-04-24,0655,A,80,6.0NRT,303,31.6,D
19.896,94.164,322.9,1.2,1.1,2020-04-24,0655,A,59,6.0NRT,303.1,13.5,D
19.895,94.092,325.2,1.2,1.1,2020-04-24,0655,A,43,6.0NRT,302.8,13.5,D
19.893,94.08,362.2,1.2,1.1,2020-04-24,0655,A,100,6.0NRT,305.7,108.4,D
19.889,94.056,366.8,1.2,1.1,2020-04-24,0655,A,100,6.0NRT,306.8,128.1,D
19.887,94.045,328.7,1.2,1.1,2020-04-24,0655,A,74,6.0NRT,304.7,20.2,D
19.908,94.113,323.2,1.2,1.1,2020-04-24,0655,A,53,6.0NRT,304.4,12.9,D
19.901,94.066,338.6,1.2,1.1,2020-04-24,0655,A,85,6.0NRT,305.5,38.8,D
19.899,94.055,403.3,1.2,1.1,2020-04-24,0655,A,100,6.0NRT,309.7,360.2,D
19.897,94.043,328.3,1.2,1.1,2020-04-24,0655,A,73,6.0NRT,303.4,20.7,D
19.895,94.031,330.2,1.2,1.1,2020-04-24,0655,A,76,6.0NRT,303.3,24.7,D
19.955,94.346,320.4,1.2,1.1,2020-04-24,0655,A,37,6.0NRT,300,14.5,D
19.914,94.088,322.3,1.2,1.1,2020-04-24,0655,A,40,6.0NRT,303.8,10.6,D
19.911,93.997,319.2,1.3,1.1,2020-04-24,0655,A,31,6.0NRT,304.1,8.6,D
20.659,98.943,322.7,1.1,1,2020-04-24,0655,A,64,6.0NRT,298.3,13,D
19.941,94.052,327.2,1.2,1.1,2020-04-24,0655,A,72,6.0NRT,303.3,20,D
19.939,94.041,329.2,1.2,1.1,2020-04-24,0655,A,76,6.0NRT,303.9,24.1,D
19.964,94.072,330,1.2,1.1,2020-04-24,0655,A,77,6.0NRT,304,23.1,D
19.962,94.061,320.5,1.2,1.1,2020-04-24,0655,A,47,6.0NRT,305.4,8.8,D
19.99,94.044,342.1,1.2,1.1,2020-04-24,0655,A,89,6.0NRT,304.6,50.1,D
20.019,94.16,323.6,1.2,1.1,2020-04-24,0655,A,64,6.0NRT,299.7,18.7,D
20,94.042,346.7,1.2,1.1,2020-04-24,0655,A,92,6.0NRT,303.4,62.2,D
19.998,94.03,337.8,1.2,1.1,2020-04-24,0655,A,85,6.0NRT,304.1,40.6,D
19.996,94.018,328.6,1.2,1.1,2020-04-24,0655,A,75,6.0NRT,304.5,23.5,D
19.977,93.838,328.6,1.3,1.1,2020-04-24,0655,A,75,6.0NRT,304.8,21.9,D
19.976,93.832,324.6,1.3,1.1,2020-04-24,0655,A,69,6.0NRT,304.5,15.9,D
20.029,93.971,328.2,1.3,1.1,2020-04-24,0655,A,75,6.0NRT,302.1,23.7,D
20.027,93.958,326.4,1.3,1.1,2020-04-24,0655,A,72,6.0NRT,303.6,20.8,D
20.037,93.957,338.1,1.3,1.1,2020-04-24,0655,A,86,6.0NRT,304.1,44,D
20.035,93.945,319.2,1.3,1.1,2020-04-24,0655,A,50,6.0NRT,302.9,10.8,D
20.047,93.955,325.6,1.3,1.1,2020-04-24,0655,A,71,6.0NRT,301.6,19.9,D
20.045,93.943,335.5,1.3,1.1,2020-04-24,0655,A,84,6.0NRT,302.7,37.8,D
20.166,93.865,335.6,1.3,1.1,2020-04-24,0655,A,84,6.0NRT,304.8,37.4,D
20.164,93.853,318.1,1.3,1.1,2020-04-24,0655,A,16,6.0NRT,303.2,8.5,D
20.165,93.859,324.7,1.3,1.1,2020-04-24,0655,A,70,6.0NRT,304.6,18.1,D
20.177,93.87,342.5,1.3,1.1,2020-04-24,0655,A,90,6.0NRT,302.1,51.9,D
20.175,93.858,366.4,1.3,1.1,2020-04-24,0655,A,100,6.0NRT,307,132.3,D
20.227,93.861,321,1.3,1.1,2020-04-24,0655,A,46,6.0NRT,302.1,11.4,D
20.361,93.861,334.1,1.3,1.1,2020-04-24,0655,A,82,6.0NRT,302.6,34.6,D
20.372,93.871,364.6,1.3,1.1,2020-04-24,0655,A,100,6.0NRT,303.4,124.7,D
20.37,93.859,361.8,1.3,1.1,2020-04-24,0655,A,100,6.0NRT,305.2,113.7,D
20.382,93.869,319.7,1.3,1.1,2020-04-24,0655,A,55,6.0NRT,302.1,11.8,D
20.38,93.857,321.9,1.3,1.1,2020-04-24,0655,A,63,6.0NRT,303.7,14.7,D
20.369,93.786,320.2,1.3,1.1,2020-04-24,0655,A,57,6.0NRT,302.9,12.7,D
20.285,92.861,323.2,1.4,1.2,2020-04-24,0655,A,0,6.0NRT,305.8,13.2,D
20.71,93.422,320.1,1.3,1.1,2020-04-24,0655,A,46,6.0NRT,296.9,14.7,D
20.72,93.419,335.4,1.3,1.1,2020-04-24,0655,A,84,6.0NRT,298.9,42.3,D
20.816,93.316,336.2,1.3,1.1,2020-04-24,0655,A,84,6.0NRT,298.2,43.7,D
20.815,93.324,351.7,1.3,1.1,2020-04-24,0655,A,95,6.0NRT,299.6,84.5,D
20.813,93.311,342.7,1.3,1.1,2020-04-24,0655,A,90,6.0NRT,300.4,58.9,D
21.307,94.072,363.6,1.2,1.1,2020-04-24,0655,A,100,6.0NRT,305.2,109.4,D
21.305,94.061,352.7,1.2,1.1,2020-04-24,0655,A,96,6.0NRT,305.9,74.7,D
21.308,94.066,365,1.2,1.1,2020-04-24,0655,A,94,6.0NRT,307,116.2,D
21.355,93.988,326.3,1.2,1.1,2020-04-24,0655,A,60,6.0NRT,305.3,16.2,D
21.302,93.029,325.7,1.4,1.2,2020-04-24,0655,A,60,6.0NRT,302.1,25.4,D
21.293,92.615,323.4,1.4,1.2,2020-04-24,0655,A,60,6.0NRT,300.5,23.7,D
21.379,93.062,327.3,1.3,1.2,2020-04-24,0655,A,41,6.0NRT,297.1,25.8,D
21.764,92.728,326.8,1.4,1.2,2020-04-24,0655,A,68,6.0NRT,301.8,24.3,D
22.081,92.23,320.8,1.5,1.2,2020-04-24,0655,A,73,6.0NRT,298,19,D
